<?xml version="1.0" encoding="UTF-8"?>
<gmi:MI_Metadata xmlns:xsi="http://www.w3.org/2001/XMLSchema-instance"
                 xmlns:gmd="http://www.isotc211.org/2005/gmd"
                 xmlns:gco="http://www.isotc211.org/2005/gco"
                 xmlns:gml="http://www.opengis.net/gml/3.2"
                 xmlns:gmi="http://www.isotc211.org/2005/gmi"
                 xmlns:xlink="http://www.w3.org/1999/xlink"
                 xmlns:srv="http://www.isotc211.org/2005/srv"
                 xsi:schemaLocation="http://www.isotc211.org/2005/gmi https://data.noaa.gov/resources/iso19139/schema.xsd">
   <gmd:fileIdentifier>
      <gco:CharacterString>tl_2023_us_metdiv.shp.iso.xml</gco:CharacterString>
   </gmd:fileIdentifier>
   <gmd:language>
      <gco:CharacterString>eng</gco:CharacterString>
   </gmd:language>
   <gmd:characterSet>
      <gmd:MD_CharacterSetCode codeList="http://www.isotc211.org/2005/resources/Codelist/gmxCodelists.xml#MD_CharacterSetCode"
                               codeListValue="utf8">utf8</gmd:MD_CharacterSetCode>
   </gmd:characterSet>
   <gmd:parentIdentifier>
      <gco:CharacterString>series_tl_2023_metdiv.shp.iso.xml</gco:CharacterString>
   </gmd:parentIdentifier>
   <gmd:hierarchyLevel>
      <gmd:MD_ScopeCode codeList="http://www.isotc211.org/2005/resources/Codelist/gmxCodelists.xml#MD_ScopeCode"
                        codeListValue="dataset">dataset</gmd:MD_ScopeCode>
   </gmd:hierarchyLevel>
   <gmd:contact>
      <gmd:CI_ResponsibleParty>
         <gmd:organisationName>
            <gco:CharacterString>U.S. Department of Commerce, U.S. Census Bureau, Geography Division, Geospatial Products Branch</gco:CharacterString>
         </gmd:organisationName>
         <gmd:contactInfo>
            <gmd:CI_Contact>
               <gmd:phone>
                  <gmd:CI_Telephone>
                     <gmd:voice>
                        <gco:CharacterString>301-763-1128</gco:CharacterString>
                     </gmd:voice>
                     <gmd:facsimile>
                        <gco:CharacterString>301-763-4710</gco:CharacterString>
                     </gmd:facsimile>
                  </gmd:CI_Telephone>
               </gmd:phone>
               <gmd:address>
                  <gmd:CI_Address>
                     <gmd:deliveryPoint>
                        <gco:CharacterString>4600 Silver Hill Road, Stop 7400</gco:CharacterString>
                     </gmd:deliveryPoint>
                     <gmd:city>
                        <gco:CharacterString>Washington</gco:CharacterString>
                     </gmd:city>
                     <gmd:administrativeArea>
                        <gco:CharacterString>DC</gco:CharacterString>
                     </gmd:administrativeArea>
                     <gmd:postalCode>
                        <gco:CharacterString>20233-7400</gco:CharacterString>
                     </gmd:postalCode>
                     <gmd:country>
                        <gco:CharacterString>United States</gco:CharacterString>
                     </gmd:country>
                     <gmd:electronicMailAddress>
                        <gco:CharacterString>geo.geography@census.gov</gco:CharacterString>
                     </gmd:electronicMailAddress>
                  </gmd:CI_Address>
               </gmd:address>
            </gmd:CI_Contact>
         </gmd:contactInfo>
         <gmd:role>
            <gmd:CI_RoleCode codeList="http://www.isotc211.org/2005/resources/Codelist/gmxCodelists.xml#CI_RoleCode"
                             codeListValue="pointOfContact">pointOfContact</gmd:CI_RoleCode>
         </gmd:role>
      </gmd:CI_ResponsibleParty>
   </gmd:contact>
   <gmd:dateStamp>
      <gco:Date>2023-11-11</gco:Date>
   </gmd:dateStamp>
   <gmd:metadataStandardName>
      <gco:CharacterString>ISO 19115-2 Geographic Information - Metadata - Part 2: Extensions for Imagery and Gridded Data</gco:CharacterString>
   </gmd:metadataStandardName>
   <gmd:metadataStandardVersion>
      <gco:CharacterString>ISO 19115-2:2009(E)</gco:CharacterString>
   </gmd:metadataStandardVersion>
   <gmd:dataSetURI>
      <gco:CharacterString>https://meta.geo.census.gov/data/existing/decennial/GEO/GPMB/TIGERline/Current_19115/tl_2023_us_metdiv.shp.iso.xml</gco:CharacterString>
   </gmd:dataSetURI>
   <gmd:spatialRepresentationInfo>
      <gmd:MD_VectorSpatialRepresentation>
         <gmd:geometricObjects>
            <gmd:MD_GeometricObjects>
               <gmd:geometricObjectType>
                  <gmd:MD_GeometricObjectTypeCode codeList="http://www.isotc211.org/2005/resources/Codelist/gmxCodelists.xml#MD_GeometricObjectTypeCode"
                                                  codeListValue="complex">complex</gmd:MD_GeometricObjectTypeCode>
               </gmd:geometricObjectType>
               <gmd:geometricObjectCount>
                  <gco:Integer>37</gco:Integer>
               </gmd:geometricObjectCount>
            </gmd:MD_GeometricObjects>
         </gmd:geometricObjects>
      </gmd:MD_VectorSpatialRepresentation>
   </gmd:spatialRepresentationInfo>
   <gmd:referenceSystemInfo>
      <gmd:MD_ReferenceSystem uuid="65f8b220-95ed-11e0-aa80-0800200c9a66">
         <gmd:referenceSystemIdentifier>
            <gmd:RS_Identifier>
               <gmd:authority>
                  <gmd:CI_Citation>
                     <gmd:title>
                        <gco:CharacterString>North American Datum of 1983</gco:CharacterString>
                     </gmd:title>
                     <gmd:alternateTitle>
                        <gco:CharacterString>NAD83</gco:CharacterString>
                     </gmd:alternateTitle>
                     <gmd:date>
                        <gmd:CI_Date>
                           <gmd:date>
                              <gco:Date>2007-01-19</gco:Date>
                           </gmd:date>
                           <gmd:dateType>
                              <gmd:CI_DateTypeCode codeList="http://www.isotc211.org/2005/resources/Codelist/gmxCodelists.xml#CI_DateTypeCode"
                                                   codeListValue="revision">revision</gmd:CI_DateTypeCode>
                           </gmd:dateType>
                        </gmd:CI_Date>
                     </gmd:date>
                     <gmd:citedResponsibleParty>
                        <gmd:CI_ResponsibleParty>
                           <gmd:organisationName gco:nilReason="withheld"/>
                           <gmd:contactInfo>
                              <gmd:CI_Contact>
                                 <gmd:onlineResource>
                                    <gmd:CI_OnlineResource>
                                       <gmd:linkage>
                                          <gmd:URL>https://spatialreference.org/ref/epsg/4269/gml/</gmd:URL>
                                       </gmd:linkage>
                                       <gmd:name>
                                          <gco:CharacterString>NAD83</gco:CharacterString>
                                       </gmd:name>
                                       <gmd:description>
                                          <gco:CharacterString>Link to Geographic Markup Language (GML) description of reference system.</gco:CharacterString>
                                       </gmd:description>
                                       <gmd:function>
                                          <gmd:CI_OnLineFunctionCode codeList="http://www.isotc211.org/2005/resources/Codelist/gmxCodelists.xml#CI_OnLineFunctionCode"
                                                                     codeListValue="information">information</gmd:CI_OnLineFunctionCode>
                                       </gmd:function>
                                    </gmd:CI_OnlineResource>
                                 </gmd:onlineResource>
                              </gmd:CI_Contact>
                           </gmd:contactInfo>
                           <gmd:role>
                              <gmd:CI_RoleCode codeList="http://www.isotc211.org/2005/resources/Codelist/gmxCodelists.xml#CI_RoleCode"
                                               codeListValue="resourceProvider">resourceProvider</gmd:CI_RoleCode>
                           </gmd:role>
                        </gmd:CI_ResponsibleParty>
                     </gmd:citedResponsibleParty>
                  </gmd:CI_Citation>
               </gmd:authority>
               <gmd:code>
                  <gco:CharacterString>urn:ogc:def:crs:EPSG::4269</gco:CharacterString>
               </gmd:code>
            </gmd:RS_Identifier>
         </gmd:referenceSystemIdentifier>
      </gmd:MD_ReferenceSystem>
   </gmd:referenceSystemInfo>
   <gmd:identificationInfo>
      <gmd:MD_DataIdentification>
         <gmd:citation>
            <gmd:CI_Citation>
               <gmd:title>
                  <gco:CharacterString>TIGER/Line Shapefile, Current, Nation, U.S., Metropolitan Division</gco:CharacterString>
               </gmd:title>
               <gmd:alternateTitle>
                  <gco:CharacterString>TIGER/Line Shapefile, 2023, Nation, U.S., Metropolitan Division</gco:CharacterString>
               </gmd:alternateTitle>
               <gmd:date>
                  <gmd:CI_Date>
                     <gmd:date>
                        <gco:Date>2023</gco:Date>
                     </gmd:date>
                     <gmd:dateType>
                        <gmd:CI_DateTypeCode codeList="http://www.isotc211.org/2005/resources/Codelist/gmxCodelists.xml#CI_DateTypeCode"
                                             codeListValue="publication">publication</gmd:CI_DateTypeCode>
                     </gmd:dateType>
                  </gmd:CI_Date>
               </gmd:date>
               <gmd:date>
                  <gmd:CI_Date>
                     <gmd:date>
                        <gco:Date>2023-10</gco:Date>
                     </gmd:date>
                     <gmd:dateType>
                        <gmd:CI_DateTypeCode codeList="http://www.isotc211.org/2005/resources/Codelist/gmxCodelists.xml#CI_DateTypeCode"
                                             codeListValue="creation">creation</gmd:CI_DateTypeCode>
                     </gmd:dateType>
                  </gmd:CI_Date>
               </gmd:date>
               <gmd:date>
                  <gmd:CI_Date>
                     <gmd:date>
                        <gco:Date>2023-10</gco:Date>
                     </gmd:date>
                     <gmd:dateType>
                        <gmd:CI_DateTypeCode codeList="http://www.isotc211.org/2005/resources/Codelist/gmxCodelists.xml#CI_DateTypeCode"
                                             codeListValue="lastUpdate">lastUpdate</gmd:CI_DateTypeCode>
                     </gmd:dateType>
                  </gmd:CI_Date>
               </gmd:date>
               <gmd:identifier>
                  <gmd:MD_Identifier>
                     <gmd:code>
                        <gco:CharacterString>tl_2023_us_metdiv</gco:CharacterString>
                     </gmd:code>
                  </gmd:MD_Identifier>
               </gmd:identifier>
               <gmd:citedResponsibleParty>
                  <gmd:CI_ResponsibleParty>
                     <gmd:organisationName>
                        <gco:CharacterString>U.S. Department of Commerce, U.S. Census Bureau, Geography Division, Geospatial Products Branch</gco:CharacterString>
                     </gmd:organisationName>
                     <gmd:contactInfo>
                        <gmd:CI_Contact>
                           <gmd:phone>
                              <gmd:CI_Telephone>
                                 <gmd:voice>
                                    <gco:CharacterString>301-763-1128</gco:CharacterString>
                                 </gmd:voice>
                                 <gmd:facsimile>
                                    <gco:CharacterString>301-763-4710</gco:CharacterString>
                                 </gmd:facsimile>
                              </gmd:CI_Telephone>
                           </gmd:phone>
                           <gmd:address>
                              <gmd:CI_Address>
                                 <gmd:deliveryPoint>
                                    <gco:CharacterString>4600 Silver Hill Road, Stop 7400</gco:CharacterString>
                                 </gmd:deliveryPoint>
                                 <gmd:city>
                                    <gco:CharacterString>Washington</gco:CharacterString>
                                 </gmd:city>
                                 <gmd:administrativeArea>
                                    <gco:CharacterString>DC</gco:CharacterString>
                                 </gmd:administrativeArea>
                                 <gmd:postalCode>
                                    <gco:CharacterString>20233-7400</gco:CharacterString>
                                 </gmd:postalCode>
                                 <gmd:country>
                                    <gco:CharacterString>United States</gco:CharacterString>
                                 </gmd:country>
                                 <gmd:electronicMailAddress>
                                    <gco:CharacterString>geo.geography@census.gov</gco:CharacterString>
                                 </gmd:electronicMailAddress>
                              </gmd:CI_Address>
                           </gmd:address>
                        </gmd:CI_Contact>
                     </gmd:contactInfo>
                     <gmd:role>
                        <gmd:CI_RoleCode codeList="http://www.isotc211.org/2005/resources/Codelist/gmxCodelists.xml#CI_RoleCode"
                                         codeListValue="pointOfContact">pointOfContact</gmd:CI_RoleCode>
                     </gmd:role>
                  </gmd:CI_ResponsibleParty>
               </gmd:citedResponsibleParty>
               <gmd:presentationForm>
                  <gmd:CI_PresentationFormCode codeList="http://www.isotc211.org/2005/resources/Codelist/gmxCodelists.xml#CI_PresentationFormCode"
                                               codeListValue="mapDigital">mapDigital</gmd:CI_PresentationFormCode>
               </gmd:presentationForm>
            </gmd:CI_Citation>
         </gmd:citation>
         <gmd:abstract>
            <gco:CharacterString>This resource is a member of a series. The TIGER/Line shapefiles and related database files (.dbf) are an extract of selected geographic and cartographic information from the U.S. Census Bureau's Master Address File / Topologically Integrated Geographic Encoding and Referencing (MAF/TIGER) Database (MTDB).  The MTDB represents a seamless national file with no overlaps or gaps between parts, however, each TIGER/Line shapefile is designed to stand alone as an independent data set, or they can be combined to cover the entire nation.
 Metropolitan Divisions subdivide a Metropolitan Statistical Area containing a single core urban area that has a population of at least 2.5 million to form smaller groupings of counties or equivalent entities.  Not all Metropolitan Statistical Areas with urban areas of this size will contain Metropolitan Divisions.  Metropolitan Division are defined by the Office of Management and Budget (OMB) and consist of one or more main counties or equivalent entities that represent an employment center or centers, plus adjacent counties associated with the main county or counties through commuting ties.  Because Metropolitan Divisions represent subdivisions of larger Metropolitan Statistical Areas, it is not appropriate to rank or compare Metropolitan Divisions with Metropolitan and Micropolitan Statistical Areas.
The metropolitan division boundaries are those defined by OMB based on the 2020 Census and published in 2023.</gco:CharacterString>
         </gmd:abstract>
         <gmd:purpose>
            <gco:CharacterString>The Census Bureau releases extracts of the MAF/TIGER database in the form of TIGER/Line Shapefiles for others to use in geographic information systems (GIS) or for other geographic applications.</gco:CharacterString>
         </gmd:purpose>
         <gmd:status>
            <gmd:MD_ProgressCode codeList="http://www.isotc211.org/2005/resources/Codelist/gmxCodelists.xml#MD_ProgressCode"
                                 codeListValue="completed">completed</gmd:MD_ProgressCode>
         </gmd:status>
         <gmd:pointOfContact>
            <gmd:CI_ResponsibleParty>
               <gmd:organisationName>
                  <gco:CharacterString>U.S. Department of Commerce, U.S. Census Bureau, Geography Division, Geospatial Products Branch</gco:CharacterString>
               </gmd:organisationName>
               <gmd:contactInfo>
                  <gmd:CI_Contact>
                     <gmd:phone>
                        <gmd:CI_Telephone>
                           <gmd:voice>
                              <gco:CharacterString>301-763-1128</gco:CharacterString>
                           </gmd:voice>
                           <gmd:facsimile>
                              <gco:CharacterString>301-763-4710</gco:CharacterString>
                           </gmd:facsimile>
                        </gmd:CI_Telephone>
                     </gmd:phone>
                     <gmd:address>
                        <gmd:CI_Address>
                           <gmd:deliveryPoint>
                              <gco:CharacterString>4600 Silver Hill Road, Stop 7400</gco:CharacterString>
                           </gmd:deliveryPoint>
                           <gmd:city>
                              <gco:CharacterString>Washington</gco:CharacterString>
                           </gmd:city>
                           <gmd:administrativeArea>
                              <gco:CharacterString>DC</gco:CharacterString>
                           </gmd:administrativeArea>
                           <gmd:postalCode>
                              <gco:CharacterString>20233-7400</gco:CharacterString>
                           </gmd:postalCode>
                           <gmd:country>
                              <gco:CharacterString>United States</gco:CharacterString>
                           </gmd:country>
                           <gmd:electronicMailAddress>
                              <gco:CharacterString>geo.geography@census.gov</gco:CharacterString>
                           </gmd:electronicMailAddress>
                        </gmd:CI_Address>
                     </gmd:address>
                  </gmd:CI_Contact>
               </gmd:contactInfo>
               <gmd:role>
                  <gmd:CI_RoleCode codeList="http://www.isotc211.org/2005/resources/Codelist/gmxCodelists.xml#CI_RoleCode"
                                   codeListValue="pointOfContact">pointOfContact</gmd:CI_RoleCode>
               </gmd:role>
            </gmd:CI_ResponsibleParty>
         </gmd:pointOfContact>
         <gmd:resourceMaintenance>
            <gmd:MD_MaintenanceInformation>
               <gmd:maintenanceAndUpdateFrequency>
                  <gmd:MD_MaintenanceFrequencyCode codeList="http://www.isotc211.org/2005/resources/Codelist/gmxCodelists.xml#MD_MaintenanceFrequencyCode"
                                                   codeListValue="notPlanned">notPlanned</gmd:MD_MaintenanceFrequencyCode>
               </gmd:maintenanceAndUpdateFrequency>
            </gmd:MD_MaintenanceInformation>
         </gmd:resourceMaintenance>
         <gmd:graphicOverview>
            <gmd:MD_BrowseGraphic>
               <gmd:fileName>
                  <gco:CharacterString>https://tigerweb.geo.census.gov/arcgis/services/TIGERweb/tigerWMS_Current/MapServer/WmsServer?REQUEST=GetMap&amp;SERVICE=WMS&amp;VERSION=1.3.0&amp;LAYERS=Metropolitan_Divisions40847,Metropolitan_Divisions_Labels25946&amp;STYLES=default,default&amp;FORMAT=image/png+xml&amp;BGCOLOR=0xFFFFFF&amp;TRANSPARENT=TRUE&amp;CRS=EPSG:4326&amp;BBOX=+42.7118,-71.0767,+42.9241,-70.5844&amp;WIDTH=256&amp;HEIGHT=256</gco:CharacterString>
               </gmd:fileName>
               <gmd:fileDescription>
                  <gco:CharacterString>URL for the TIGERWeb Mapping Service</gco:CharacterString>
               </gmd:fileDescription>
               <gmd:fileType>
                  <gco:CharacterString>URL</gco:CharacterString>
               </gmd:fileType>
            </gmd:MD_BrowseGraphic>
         </gmd:graphicOverview>
         <gmd:descriptiveKeywords>
            <gmd:MD_Keywords>
               <gmd:keyword>
                  <gco:CharacterString>Nation</gco:CharacterString>
               </gmd:keyword>
               <gmd:keyword>
                  <gco:CharacterString>Polygon</gco:CharacterString>
               </gmd:keyword>
               <gmd:keyword>
                  <gco:CharacterString>Metropolitan Division</gco:CharacterString>
               </gmd:keyword>
               <gmd:type>
                  <gmd:MD_KeywordTypeCode codeList="http://www.isotc211.org/2005/resources/Codelist/gmxCodelists.xml#MD_KeywordTypeCode"
                                          codeListValue="theme"/>
               </gmd:type>
               <gmd:thesaurusName>
                  <gmd:CI_Citation>
                     <gmd:title>
                        <gco:CharacterString>None</gco:CharacterString>
                     </gmd:title>
                     <gmd:date gco:nilReason="unknown"/>
                  </gmd:CI_Citation>
               </gmd:thesaurusName>
            </gmd:MD_Keywords>
         </gmd:descriptiveKeywords>
         <gmd:descriptiveKeywords>
            <gmd:MD_Keywords>
               <gmd:keyword>
                  <gco:CharacterString>United States</gco:CharacterString>
               </gmd:keyword>
               <gmd:keyword>
                  <gco:CharacterString>U.S.</gco:CharacterString>
               </gmd:keyword>
               <gmd:type>
                  <gmd:MD_KeywordTypeCode codeList="http://www.isotc211.org/2005/resources/Codelist/gmxCodelists.xml#MD_KeywordTypeCode"
                                          codeListValue="place"/>
               </gmd:type>
               <gmd:thesaurusName>
                  <gmd:CI_Citation>
                     <gmd:title>
                        <gco:CharacterString>ISO 3166 codes for the representation of names of countries and their subdivisions. </gco:CharacterString>
                     </gmd:title>
                     <gmd:date gco:nilReason="unknown"/>
                  </gmd:CI_Citation>
               </gmd:thesaurusName>
            </gmd:MD_Keywords>
         </gmd:descriptiveKeywords>
         <gmd:resourceConstraints>
            <gmd:MD_LegalConstraints>
               <gmd:accessConstraints>
                  <gmd:MD_RestrictionCode codeList="http://www.isotc211.org/2005/resources/Codelist/gmxCodelists.xml#MD_RestrictionCode"
                                          codeListValue="otherRestrictions">otherRestrictions</gmd:MD_RestrictionCode>
               </gmd:accessConstraints>
               <gmd:useConstraints>
                  <gmd:MD_RestrictionCode codeList="http://www.isotc211.org/2005/resources/Codelist/gmxCodelists.xml#MD_RestrictionCode"
                                          codeListValue="otherRestrictions">otherRestrictions</gmd:MD_RestrictionCode>
               </gmd:useConstraints>
               <gmd:otherConstraints>
                  <gco:CharacterString>Access constraints: None</gco:CharacterString>
               </gmd:otherConstraints>
               <gmd:otherConstraints>
                  <gco:CharacterString>Use Constraints: The TIGER/Line Shapefile products are not copyrighted however TIGER/Line and Census TIGER are registered trademarks of the U.S. Census Bureau. These products are free to use in a product or publication, however acknowledgement must be given to the U.S. Census Bureau as the source.
The boundary information in the TIGER/Line Shapefiles are for statistical data collection and tabulation purposes only; their depiction and designation for statistical purposes does not constitute a determination of jurisdictional authority or rights of ownership or entitlement and they are not legal land descriptions. Coordinates in the TIGER/Line shapefiles have six implied decimal places, but the positional accuracy of these coordinates is not as great as the six decimal places suggest.</gco:CharacterString>
               </gmd:otherConstraints>
            </gmd:MD_LegalConstraints>
         </gmd:resourceConstraints>
         <gmd:aggregationInfo>
            <gmd:MD_AggregateInformation>
               <gmd:aggregateDataSetName>
                  <gmd:CI_Citation>
                     <gmd:title>
                        <gco:CharacterString>Series Information for Metropolitan Division National TIGER/Line Shapefiles, Current</gco:CharacterString>
                     </gmd:title>
                     <gmd:date>
                        <gmd:CI_Date>
                           <gmd:date>
                              <gco:Date>2023</gco:Date>
                           </gmd:date>
                           <gmd:dateType>
                              <gmd:CI_DateTypeCode codeList="https://www.isotc211.org/2005/resources/Codelist/gmxCodelists.xml#CI_DateTypeCode"
                                                   codeListValue="publication">publication</gmd:CI_DateTypeCode>
                           </gmd:dateType>
                        </gmd:CI_Date>
                     </gmd:date>
                     <gmd:identifier>
                        <gmd:MD_Identifier>
                           <gmd:code>
                              <gco:CharacterString>series_tl_2023_metdiv</gco:CharacterString>
                           </gmd:code>
                        </gmd:MD_Identifier>
                     </gmd:identifier>
                     <gmd:citedResponsibleParty>
                        <gmd:CI_ResponsibleParty>
                           <gmd:organisationName>
                              <gco:CharacterString>U.S. Department of Commerce, U.S. Census Bureau, Geography Division, Geospatial Products Branch</gco:CharacterString>
                           </gmd:organisationName>
                           <gmd:contactInfo>
                              <gmd:CI_Contact>
                                 <gmd:phone>
                                    <gmd:CI_Telephone>
                                       <gmd:voice>
                                          <gco:CharacterString>301-763-1128</gco:CharacterString>
                                       </gmd:voice>
                                       <gmd:facsimile>
                                          <gco:CharacterString>301-763-4710</gco:CharacterString>
                                       </gmd:facsimile>
                                    </gmd:CI_Telephone>
                                 </gmd:phone>
                                 <gmd:address>
                                    <gmd:CI_Address>
                                       <gmd:deliveryPoint>
                                          <gco:CharacterString>4600 Silver Hill Road, Stop 7400</gco:CharacterString>
                                       </gmd:deliveryPoint>
                                       <gmd:city>
                                          <gco:CharacterString>Washington</gco:CharacterString>
                                       </gmd:city>
                                       <gmd:administrativeArea>
                                          <gco:CharacterString>DC</gco:CharacterString>
                                       </gmd:administrativeArea>
                                       <gmd:postalCode>
                                          <gco:CharacterString>20233-7400</gco:CharacterString>
                                       </gmd:postalCode>
                                       <gmd:country>
                                          <gco:CharacterString>United States</gco:CharacterString>
                                       </gmd:country>
                                       <gmd:electronicMailAddress>
                                          <gco:CharacterString>geo.geography@census.gov</gco:CharacterString>
                                       </gmd:electronicMailAddress>
                                    </gmd:CI_Address>
                                 </gmd:address>
                              </gmd:CI_Contact>
                           </gmd:contactInfo>
                           <gmd:role>
                              <gmd:CI_RoleCode codeList="http://www.isotc211.org/2005/resources/Codelist/gmxCodelists.xml#CI_RoleCode"
                                               codeListValue="pointOfContact">pointOfContact</gmd:CI_RoleCode>
                           </gmd:role>
                        </gmd:CI_ResponsibleParty>
                     </gmd:citedResponsibleParty>
                     <gmd:presentationForm>
                        <gmd:CI_PresentationFormCode codeList="http://www.isotc211.org/2005/resources/Codelist/gmxCodelists.xml#CI_PresentationFormCode"
                                                     codeListValue="mapDigital">mapDigital</gmd:CI_PresentationFormCode>
                     </gmd:presentationForm>
                  </gmd:CI_Citation>
               </gmd:aggregateDataSetName>
               <gmd:associationType>
                  <gmd:DS_AssociationTypeCode codeList="https://www.isotc211.org/2005/resources/Codelist/gmxCodelists.xml#DS_AssociationTypeCode"
                                              codeListValue="largerWorkCitation">largerWorkCitation</gmd:DS_AssociationTypeCode>
               </gmd:associationType>
            </gmd:MD_AggregateInformation>
         </gmd:aggregationInfo>
         <gmd:spatialRepresentationType>
            <gmd:MD_SpatialRepresentationTypeCode codeList="http://www.isotc211.org/2005/resources/Codelist/gmxCodelists.xml#MD_SpatialRepresentationTypeCode"
                                                  codeListValue="vector">vector</gmd:MD_SpatialRepresentationTypeCode>
         </gmd:spatialRepresentationType>
         <gmd:language>
            <gco:CharacterString>eng; USA</gco:CharacterString>
         </gmd:language>
         <gmd:characterSet>
            <gmd:MD_CharacterSetCode codeList="http://www.isotc211.org/2005/resources/Codelist/gmxCodelists.xml#MD_CharacterSetCode"
                                     codeListValue="utf8">utf8</gmd:MD_CharacterSetCode>
         </gmd:characterSet>
         <gmd:topicCategory>
            <gmd:MD_TopicCategoryCode>boundaries</gmd:MD_TopicCategoryCode>
         </gmd:topicCategory>
         <gmd:environmentDescription>
            <gco:CharacterString>The TIGER/Line shapefiles contain geographic data only and do not include display mapping software or statistical data.  For information on how to use the TIGER/Line shapefile data with specific software package users shall contact the company that produced the software.</gco:CharacterString>
         </gmd:environmentDescription>
         <gmd:extent>
            <gmd:EX_Extent id="boundingExtent">
               <gmd:geographicElement>
                  <gmd:EX_GeographicBoundingBox id="boundingGeographicBoundingBox">
                     <gmd:westBoundLongitude>
                        <gco:Decimal>-178.443593</gco:Decimal>
                     </gmd:westBoundLongitude>
                     <gmd:eastBoundLongitude>
                        <gco:Decimal>146.154418</gco:Decimal>
                     </gmd:eastBoundLongitude>
                     <gmd:southBoundLatitude>
                        <gco:Decimal>-14.601813</gco:Decimal>
                     </gmd:southBoundLatitude>
                     <gmd:northBoundLatitude>
                        <gco:Decimal>71.439786</gco:Decimal>
                     </gmd:northBoundLatitude>
                  </gmd:EX_GeographicBoundingBox>
               </gmd:geographicElement>
               <gmd:temporalElement>
                  <gmd:EX_TemporalExtent id="boundingTemporalExtent">
                     <gmd:extent>
                        <gml:TimePeriod gml:id="boundingTemporalExtentA">
                           <gml:description>publication date</gml:description>
                           <gml:beginPosition>2023-06</gml:beginPosition>
                           <gml:endPosition>2024-10</gml:endPosition>
                        </gml:TimePeriod>
                     </gmd:extent>
                  </gmd:EX_TemporalExtent>
               </gmd:temporalElement>
            </gmd:EX_Extent>
         </gmd:extent>
      </gmd:MD_DataIdentification>
   </gmd:identificationInfo>
   <gmd:contentInfo>
      <gmd:MD_FeatureCatalogueDescription>
         <gmd:includedWithDataset>
            <gco:Boolean>1</gco:Boolean>
         </gmd:includedWithDataset>
         <gmd:featureTypes>
            <gco:LocalName codeSpace="unknown">Metropolitan Divisions</gco:LocalName>
         </gmd:featureTypes>
         <gmd:featureCatalogueCitation>
            <gmd:CI_Citation>
               <gmd:title>
                  <gco:CharacterString>Feature Catalog for the Current Metropolitan Divisions TIGER/Line Shapefile</gco:CharacterString>
               </gmd:title>
               <gmd:date>
                  <gmd:CI_Date>
                     <gmd:date>
                        <gco:Date>2023</gco:Date>
                     </gmd:date>
                     <gmd:dateType>
                        <gmd:CI_DateTypeCode codeList="http://www.isotc211.org/2005/resources/Codelist/gmxCodelists.xml#CI_DateTypeCode"
                                             codeListValue="publication">publication</gmd:CI_DateTypeCode>
                     </gmd:dateType>
                  </gmd:CI_Date>
               </gmd:date>
               <gmd:citedResponsibleParty>
                  <gmd:CI_ResponsibleParty>
                     <gmd:organisationName>
                        <gco:CharacterString>U.S. Department of Commerce, U.S. Census Bureau, Geography Division, Geospatial Products Branch</gco:CharacterString>
                     </gmd:organisationName>
                     <gmd:contactInfo>
                        <gmd:CI_Contact>
                           <gmd:phone>
                              <gmd:CI_Telephone>
                                 <gmd:voice>
                                    <gco:CharacterString>301-763-1128</gco:CharacterString>
                                 </gmd:voice>
                                 <gmd:facsimile>
                                    <gco:CharacterString>301-763-4710</gco:CharacterString>
                                 </gmd:facsimile>
                              </gmd:CI_Telephone>
                           </gmd:phone>
                           <gmd:address>
                              <gmd:CI_Address>
                                 <gmd:deliveryPoint>
                                    <gco:CharacterString>4600 Silver Hill Road, Stop 7400</gco:CharacterString>
                                 </gmd:deliveryPoint>
                                 <gmd:city>
                                    <gco:CharacterString>Washington</gco:CharacterString>
                                 </gmd:city>
                                 <gmd:administrativeArea>
                                    <gco:CharacterString>DC</gco:CharacterString>
                                 </gmd:administrativeArea>
                                 <gmd:postalCode>
                                    <gco:CharacterString>20233-7400</gco:CharacterString>
                                 </gmd:postalCode>
                                 <gmd:country>
                                    <gco:CharacterString>United States</gco:CharacterString>
                                 </gmd:country>
                                 <gmd:electronicMailAddress>
                                    <gco:CharacterString>geo.geography@census.gov</gco:CharacterString>
                                 </gmd:electronicMailAddress>
                              </gmd:CI_Address>
                           </gmd:address>
                        </gmd:CI_Contact>
                     </gmd:contactInfo>
                     <gmd:role>
                        <gmd:CI_RoleCode codeList="http://www.isotc211.org/2005/resources/Codelist/gmxCodelists.xml#CI_RoleCode"
                                         codeListValue="pointOfContact">pointOfContact</gmd:CI_RoleCode>
                     </gmd:role>
                  </gmd:CI_ResponsibleParty>
               </gmd:citedResponsibleParty>
               <gmd:otherCitationDetails>
                  <gco:CharacterString>https://meta.geo.census.gov/data/existing/decennial/GEO/GPMB/TIGERline/Current_19110/tl_2023_metdiv.shp.ea.iso.xml</gco:CharacterString>
               </gmd:otherCitationDetails>
            </gmd:CI_Citation>
         </gmd:featureCatalogueCitation>
      </gmd:MD_FeatureCatalogueDescription>
   </gmd:contentInfo>
   <gmd:distributionInfo>
      <gmd:MD_Distribution>
         <gmd:distributionFormat>
            <gmd:MD_Format>
               <gmd:name>
                  <gco:CharacterString>ZIP</gco:CharacterString>
               </gmd:name>
               <gmd:version gco:nilReason="unknown"/>
            </gmd:MD_Format>
         </gmd:distributionFormat>
         <gmd:distributor>
            <gmd:MD_Distributor>
               <gmd:distributorContact>
                  <gmd:CI_ResponsibleParty>
                     <gmd:organisationName>
                        <gco:CharacterString>U.S. Department of Commerce, U.S. Census Bureau, 
       Geography Division, Customer Engagement Branch
      </gco:CharacterString>
                     </gmd:organisationName>
                     <gmd:contactInfo>
                        <gmd:CI_Contact>
                           <gmd:phone>
                              <gmd:CI_Telephone>
                                 <gmd:voice>
                                    <gco:CharacterString>301-763-1128</gco:CharacterString>
                                 </gmd:voice>
                                 <gmd:facsimile>
                                    <gco:CharacterString>301-763-4710</gco:CharacterString>
                                 </gmd:facsimile>
                              </gmd:CI_Telephone>
                           </gmd:phone>
                           <gmd:address>
                              <gmd:CI_Address>
                                 <gmd:deliveryPoint>
                                    <gco:CharacterString>4600 Silver Hill Road, Stop 7400</gco:CharacterString>
                                 </gmd:deliveryPoint>
                                 <gmd:city>
                                    <gco:CharacterString>Washington</gco:CharacterString>
                                 </gmd:city>
                                 <gmd:administrativeArea>
                                    <gco:CharacterString>DC</gco:CharacterString>
                                 </gmd:administrativeArea>
                                 <gmd:postalCode>
                                    <gco:CharacterString>20233-7400</gco:CharacterString>
                                 </gmd:postalCode>
                                 <gmd:country>
                                    <gco:CharacterString>United States</gco:CharacterString>
                                 </gmd:country>
                                 <gmd:electronicMailAddress>
                                    <gco:CharacterString>geo.geography@census.gov</gco:CharacterString>
                                 </gmd:electronicMailAddress>
                              </gmd:CI_Address>
                           </gmd:address>
                        </gmd:CI_Contact>
                     </gmd:contactInfo>
                     <gmd:role>
                        <gmd:CI_RoleCode codeList="http://www.isotc211.org/2005/resources/Codelist/gmxCodelists.xml#CI_RoleCode"
                                         codeListValue="distributor">distributor</gmd:CI_RoleCode>
                     </gmd:role>
                  </gmd:CI_ResponsibleParty>
               </gmd:distributorContact>
               <gmd:distributionOrderProcess>
                  <gmd:MD_StandardOrderProcess>
                     <gmd:fees>
                        <gco:CharacterString>The online copy of the TIGER/Line Shapefiles may be accessed without charge.</gco:CharacterString>
                     </gmd:fees>
                  </gmd:MD_StandardOrderProcess>
               </gmd:distributionOrderProcess>
            </gmd:MD_Distributor>
         </gmd:distributor>
         <gmd:transferOptions>
            <gmd:MD_DigitalTransferOptions>
               <gmd:onLine>
                  <gmd:CI_OnlineResource>
                     <gmd:linkage>
                        <gmd:URL>https://www2.census.gov/geo/tiger/TIGER2023/METDIV/tl_2023_us_metdiv.zip</gmd:URL>
                     </gmd:linkage>
                     <gmd:applicationProfile>
                        <gco:CharacterString>Shapefile Zip File</gco:CharacterString>
                     </gmd:applicationProfile>
                     <gmd:name>
                        <gco:CharacterString>tl_2023_us_metdiv.zip</gco:CharacterString>
                     </gmd:name>
                     <gmd:description>
                        <gco:CharacterString>The TIGER/Line Shapefiles are the fully supported, core geographic product from the U.S. Census Bureau. They are extracts of selected geographic and cartographic information from the U.S. Census Bureau's Master Address File/Topologically Integrated Geographic Encoding and Referencing (MAF/TIGER) database. </gco:CharacterString>
                     </gmd:description>
                     <gmd:function>
                        <gmd:CI_OnLineFunctionCode codeList="http://www.isotc211.org/2005/resources/Codelist/gmxCodelists.xml#CI_OnlineFunctionCode"
                                                   codeListValue="download">download</gmd:CI_OnLineFunctionCode>
                     </gmd:function>
                  </gmd:CI_OnlineResource>
               </gmd:onLine>
            </gmd:MD_DigitalTransferOptions>
         </gmd:transferOptions>
         <gmd:transferOptions>
            <gmd:MD_DigitalTransferOptions>
               <gmd:onLine>
                  <gmd:CI_OnlineResource>
                     <gmd:linkage>
                        <gmd:URL>https://meta.geo.census.gov/data/existing/decennial/GEO/GPMB/TIGERline/Current_19110/tl_2023_metdiv.shp.ea.iso.xml</gmd:URL>
                     </gmd:linkage>
                     <gmd:applicationProfile>
                        <gco:CharacterString>XML</gco:CharacterString>
                     </gmd:applicationProfile>
                     <gmd:name>
                        <gco:CharacterString>tl_2023_metdiv.shp.ea.iso.xml</gco:CharacterString>
                     </gmd:name>
                     <gmd:description>
                        <gco:CharacterString>Entity and attribute file</gco:CharacterString>
                     </gmd:description>
                     <gmd:function>
                        <gmd:CI_OnLineFunctionCode codeList="http://www.isotc211.org/2005/resources/Codelist/gmxCodelists.xml#CI_OnlineFunctionCode"
                                                   codeListValue="download">download</gmd:CI_OnLineFunctionCode>
                     </gmd:function>
                  </gmd:CI_OnlineResource>
               </gmd:onLine>
            </gmd:MD_DigitalTransferOptions>
         </gmd:transferOptions>
         <gmd:transferOptions>
            <gmd:MD_DigitalTransferOptions>
               <gmd:onLine>
                  <gmd:CI_OnlineResource>
                     <gmd:linkage>
                        <gmd:URL>https://tigerweb.geo.census.gov/arcgis/rest/services/TIGERweb/tigerWMS_Current/MapServer</gmd:URL>
                     </gmd:linkage>
                     <gmd:applicationProfile>
                        <gco:CharacterString>https://www.ogc.org/standards/wms</gco:CharacterString>
                     </gmd:applicationProfile>
                     <gmd:name>
                        <gco:CharacterString>TIGERweb/tigerWMS_Current (MapServer)</gco:CharacterString>
                     </gmd:name>
                     <gmd:description>
                        <gco:CharacterString>The Open Geospatial Consortium, Inc. (OGC) Web Map Service interface standard (WMS) provides a simple HTTP interface for requesting geo-registered map images from our geospatial database. The response to the request is one or more geo-registered map images that can be displayed in a browser or WMS client application. By gaining access to our data through our WMS, users can produce maps containing TIGERweb layers combined with layers from other servers.</gco:CharacterString>
                     </gmd:description>
                     <gmd:function>
                        <gmd:CI_OnLineFunctionCode codeList="http://www.isotc211.org/2005/resources/Codelist/gmxCodelists.xml#CI_OnlineFunctionCode"
                                                   codeListValue="search">search</gmd:CI_OnLineFunctionCode>
                     </gmd:function>
                  </gmd:CI_OnlineResource>
               </gmd:onLine>
            </gmd:MD_DigitalTransferOptions>
         </gmd:transferOptions>
         <gmd:transferOptions>
            <gmd:MD_DigitalTransferOptions>
               <gmd:onLine>
                  <gmd:CI_OnlineResource>
                     <gmd:linkage>
                        <gmd:URL>https://tigerweb.geo.census.gov/arcgis/rest/services/TIGERweb/CBSA/MapServer</gmd:URL>
                     </gmd:linkage>
                     <gmd:applicationProfile>
                        <gco:CharacterString>https://geoservices.github.io</gco:CharacterString>
                     </gmd:applicationProfile>
                     <gmd:name>
                        <gco:CharacterString>TIGERweb/CBSA (MapServer)</gco:CharacterString>
                     </gmd:name>
                     <gmd:description>
                        <gco:CharacterString>The GeoServices REST Specification provides a way for Web clients to communicate with geographic information system (GIS) servers through Representational State Transfer (REST) technology.</gco:CharacterString>
                     </gmd:description>
                     <gmd:function>
                        <gmd:CI_OnLineFunctionCode codeList="http://www.isotc211.org/2005/resources/Codelist/gmxCodelists.xml#CI_OnlineFunctionCode"
                                                   codeListValue="search">search</gmd:CI_OnLineFunctionCode>
                     </gmd:function>
                  </gmd:CI_OnlineResource>
               </gmd:onLine>
            </gmd:MD_DigitalTransferOptions>
         </gmd:transferOptions>
      </gmd:MD_Distribution>
   </gmd:distributionInfo>
   <gmd:dataQualityInfo>
      <gmd:DQ_DataQuality>
         <gmd:scope>
            <gmd:DQ_Scope>
               <gmd:level>
                  <gmd:MD_ScopeCode codeList="http://www.isotc211.org/2005/resources/Codelist/gmxCodelists.xml#MD_ScopeCode"
                                    codeListValue="dataset">dataset</gmd:MD_ScopeCode>
               </gmd:level>
            </gmd:DQ_Scope>
         </gmd:scope>
         <gmd:report>
            <gmd:DQ_ConceptualConsistency>
               <gmd:measureDescription>
                  <gco:CharacterString>
					The Census Bureau performed automated tests to ensure logical consistency and limits of shapefiles. Segments making up the outer and inner boundaries of a polygon tie end-to-end to completely enclose the area. All polygons are tested for closure.
					The Census Bureau uses its internally developed geographic update system to enhance and modify spatial and attribute data in the Census MAF/TIGER database.  Standard geographic codes, such as FIPS codes for states, counties, municipalities, county subdivisions, places, American Indian/Alaska Native/Native Hawaiian areas, and congressional districts are used when encoding spatial entities.  The Census Bureau performed spatial data tests for logical consistency of the codes during the compilation of the original Census MAF/TIGER database files.  Most of the codes for geographic entities except states, counties, urban areas, Core Based Statistical Areas (CBSAs), American Indian Areas (AIAs), and congressional districts were provided to the Census Bureau by the USGS, the agency responsible for maintaining the Geographic Names Information System (GNIS).  Feature attribute information has been examined but has not been fully tested for consistency. 
					For the TIGER/Line Shapefiles, the Point and Vector Object Count for the G-polygon SDTS Point and Vector Object Type reflects the number of records in the shapefile attribute table.  For multi-polygon features, only one attribute record exists for each multi-polygon rather than one attribute record per individual G-polygon component of the multi-polygon feature. TIGER/Line Shapefile multi-polygons are an exception to the G-polygon object type classification. Therefore, when multi-polygons exist in a shapefile, the object count will be less than the actual number of G-polygons.					
				</gco:CharacterString>
               </gmd:measureDescription>
               <gmd:result gco:nilReason="unknown"/>
            </gmd:DQ_ConceptualConsistency>
         </gmd:report>
         <gmd:report>
            <gmd:DQ_CompletenessOmission>
               <gmd:evaluationMethodDescription>
                  <gco:CharacterString>Data completeness of the TIGER/Line Shapefiles reflects the contents of the Census MAF/TIGER database at the time the TIGER/Line Shapefiles were created.</gco:CharacterString>
               </gmd:evaluationMethodDescription>
               <gmd:result gco:nilReason="unknown"/>
            </gmd:DQ_CompletenessOmission>
         </gmd:report>
         <gmd:report>
            <gmd:DQ_CompletenessCommission>
               <gmd:evaluationMethodDescription>
                  <gco:CharacterString>Data completeness of the TIGER/Line Shapefiles reflects the contents of the Census MAF/TIGER database at the time the TIGER/Line Shapefiles were created.</gco:CharacterString>
               </gmd:evaluationMethodDescription>
               <gmd:result gco:nilReason="unknown"/>
            </gmd:DQ_CompletenessCommission>
         </gmd:report>
      </gmd:DQ_DataQuality>
   </gmd:dataQualityInfo>
   <gmd:metadataMaintenance>
      <gmd:MD_MaintenanceInformation>
         <gmd:maintenanceAndUpdateFrequency>
            <gmd:MD_MaintenanceFrequencyCode codeList="http://www.isotc211.org/2005/resources/Codelist/gmxCodelists.xml#MD_MaintenanceFrequencyCode"
                                             codeListValue="annually">annually</gmd:MD_MaintenanceFrequencyCode>
         </gmd:maintenanceAndUpdateFrequency>
         <gmd:maintenanceNote>
            <gco:CharacterString>This was transformed from the Census Bureau Geospatial Product Metadata Content Standard.</gco:CharacterString>
         </gmd:maintenanceNote>
      </gmd:MD_MaintenanceInformation>
   </gmd:metadataMaintenance>
</gmi:MI_Metadata>